{"_params": {"fuzzy": true, "outputPath": "/home/mschmid/Masterarbeit_matthiasschmid/test_results_newSDF/_14/", "trainingset": "/home/mschmid/Masterarbeit_matthiasschmid/Validation/Algorithm_compare/molecules/Aparoy_2010/TR_Aparoy_2010_conformations.sdf", "testset": "/home/mschmid/Masterarbeit_matthiasschmid/Validation/Algorithm_compare/molecules/Aparoy_2010/TS_Aparoy_2010_conformations.sdf", "startset": "/home/mschmid/Masterarbeit_matthiasschmid/Validation/Algorithm_compare/molecules/Aparoy_2010/TS_Aparoy_2010.sdf", "modelType": "randomForest", "threshold": 1.5, "weightType": "distance", "modelKwargs": {"max_depth": 3, "n_estimators": 15}, "i": "randomForest_1.5_distance_{'max_depth': 3, 'n_estimators': 15}_Aparoy_2010_388"}, "fuzzy": true, "outputPath": "/home/mschmid/Masterarbeit_matthiasschmid/test_results_newSDF/_14/", "trainingset": "/home/mschmid/Masterarbeit_matthiasschmid/Validation/Algorithm_compare/molecules/Aparoy_2010/TR_Aparoy_2010_conformations.sdf", "testset": "/home/mschmid/Masterarbeit_matthiasschmid/Validation/Algorithm_compare/molecules/Aparoy_2010/TS_Aparoy_2010_conformations.sdf", "startset": "/home/mschmid/Masterarbeit_matthiasschmid/Validation/Algorithm_compare/molecules/Aparoy_2010/TS_Aparoy_2010.sdf", "modelType": "randomForest", "threshold": 1.5, "weightType": "distance", "modelKwargs": {"max_depth": 3, "n_estimators": 15}, "i": "randomForest_1.5_distance_{'max_depth': 3, 'n_estimators': 15}_Aparoy_2010_388"}