{"_params": {"fuzzy": true, "outputPath": "/home/mschmid/Masterarbeit_matthiasschmid/test_results_newSDF/_14/", "trainingset": "/home/mschmid/Masterarbeit_matthiasschmid/Validation/Algorithm_compare/molecules/Singh_Nolan_Mccurdy_2008/TR_Singh_Nolan_Mccurdy_2008_conformations.sdf", "testset": "/home/mschmid/Masterarbeit_matthiasschmid/Validation/Algorithm_compare/molecules/Singh_Nolan_Mccurdy_2008/TS_Singh_Nolan_Mccurdy_2008_conformations.sdf", "startset": "/home/mschmid/Masterarbeit_matthiasschmid/Validation/Algorithm_compare/molecules/Singh_Nolan_Mccurdy_2008/TS_Singh_Nolan_Mccurdy_2008.sdf", "modelType": "randomForest", "threshold": 2, "weightType": "distance", "modelKwargs": {"max_depth": 3, "n_estimators": 20}, "i": "randomForest_2_distance_{'max_depth': 3, 'n_estimators': 20}_Singh_Nolan_Mccurdy_2008_1013"}, "fuzzy": true, "outputPath": "/home/mschmid/Masterarbeit_matthiasschmid/test_results_newSDF/_14/", "trainingset": "/home/mschmid/Masterarbeit_matthiasschmid/Validation/Algorithm_compare/molecules/Singh_Nolan_Mccurdy_2008/TR_Singh_Nolan_Mccurdy_2008_conformations.sdf", "testset": "/home/mschmid/Masterarbeit_matthiasschmid/Validation/Algorithm_compare/molecules/Singh_Nolan_Mccurdy_2008/TS_Singh_Nolan_Mccurdy_2008_conformations.sdf", "startset": "/home/mschmid/Masterarbeit_matthiasschmid/Validation/Algorithm_compare/molecules/Singh_Nolan_Mccurdy_2008/TS_Singh_Nolan_Mccurdy_2008.sdf", "modelType": "randomForest", "threshold": 2, "weightType": "distance", "modelKwargs": {"max_depth": 3, "n_estimators": 20}, "i": "randomForest_2_distance_{'max_depth': 3, 'n_estimators': 20}_Singh_Nolan_Mccurdy_2008_1013"}