{"_params": {"fuzzy": true, "outputPath": "/home/mschmid/Masterarbeit_matthiasschmid/test_results_newSDF/_15/", "trainingset": "/home/mschmid/Masterarbeit_matthiasschmid/Validation/Algorithm_compare/parallel_runs/Paliwal_2012/TR_Paliwal_2012_conformations.sdf", "testset": "/home/mschmid/Masterarbeit_matthiasschmid/Validation/Algorithm_compare/parallel_runs/Paliwal_2012/TS_Paliwal_2012_conformations.sdf", "startset": "/home/mschmid/Masterarbeit_matthiasschmid/Validation/Algorithm_compare/parallel_runs/Paliwal_2012/TS_Paliwal_2012.sdf", "modelType": "randomForest", "threshold": 1.25, "weightType": "distance", "modelKwargs": {"max_depth": 2, "n_estimators": 10}, "i": "randomForest_1.25_distance_{'max_depth': 2, 'n_estimators': 10}_Paliwal_2012_12"}, "fuzzy": true, "outputPath": "/home/mschmid/Masterarbeit_matthiasschmid/test_results_newSDF/_15/", "trainingset": "/home/mschmid/Masterarbeit_matthiasschmid/Validation/Algorithm_compare/parallel_runs/Paliwal_2012/TR_Paliwal_2012_conformations.sdf", "testset": "/home/mschmid/Masterarbeit_matthiasschmid/Validation/Algorithm_compare/parallel_runs/Paliwal_2012/TS_Paliwal_2012_conformations.sdf", "startset": "/home/mschmid/Masterarbeit_matthiasschmid/Validation/Algorithm_compare/parallel_runs/Paliwal_2012/TS_Paliwal_2012.sdf", "modelType": "randomForest", "threshold": 1.25, "weightType": "distance", "modelKwargs": {"max_depth": 2, "n_estimators": 10}, "i": "randomForest_1.25_distance_{'max_depth': 2, 'n_estimators': 10}_Paliwal_2012_12"}