{"_params": {"fuzzy": true, "outputPath": "/home/mschmid/Masterarbeit_matthiasschmid/test_results_newSDF/_14/", "trainingset": "/home/mschmid/Masterarbeit_matthiasschmid/Validation/Algorithm_compare/molecules/Kumar_2019/TR_Kumar_2019_conformations.sdf", "testset": "/home/mschmid/Masterarbeit_matthiasschmid/Validation/Algorithm_compare/molecules/Kumar_2019/TS_Kumar_2019_conformations.sdf", "startset": "/home/mschmid/Masterarbeit_matthiasschmid/Validation/Algorithm_compare/molecules/Kumar_2019/TS_Kumar_2019.sdf", "modelType": "randomForest", "threshold": 1.75, "weightType": "distance", "modelKwargs": {"max_depth": 3, "n_estimators": 10}, "i": "randomForest_1.75_distance_{'max_depth': 3, 'n_estimators': 10}_Kumar_2019_519"}, "fuzzy": true, "outputPath": "/home/mschmid/Masterarbeit_matthiasschmid/test_results_newSDF/_14/", "trainingset": "/home/mschmid/Masterarbeit_matthiasschmid/Validation/Algorithm_compare/molecules/Kumar_2019/TR_Kumar_2019_conformations.sdf", "testset": "/home/mschmid/Masterarbeit_matthiasschmid/Validation/Algorithm_compare/molecules/Kumar_2019/TS_Kumar_2019_conformations.sdf", "startset": "/home/mschmid/Masterarbeit_matthiasschmid/Validation/Algorithm_compare/molecules/Kumar_2019/TS_Kumar_2019.sdf", "modelType": "randomForest", "threshold": 1.75, "weightType": "distance", "modelKwargs": {"max_depth": 3, "n_estimators": 10}, "i": "randomForest_1.75_distance_{'max_depth': 3, 'n_estimators': 10}_Kumar_2019_519"}