{"0": {"activity": null, "activities": [6.275724130399211, 6.1249387366083], "nrOfFeatures": 2}, "1": {"activity": null, "activities": [6.275724130399211, 7.1487416512809245, 6.1249387366083], "nrOfFeatures": 3}, "2": {"activity": null, "activities": [7.130768280269024, 7.0], "nrOfFeatures": 2}, "3": {"activity": null, "activities": [6.0, 6.017728766960431], "nrOfFeatures": 2}, "4": {"activity": null, "activities": [5.060480747381382, 5.161150909262744, 6.236572006437063, 6.0, 6.1249387366083], "nrOfFeatures": 5}, "5": {"activity": null, "activities": [6.481486060122113, 6.017728766960431], "nrOfFeatures": 2}, "6": {"activity": null, "activities": [5.0, 5.187086643357144], "nrOfFeatures": 2}, "7": {"activity": null, "activities": [6.236572006437063, 6.1249387366083], "nrOfFeatures": 2}, "8": {"activity": null, "activities": [6.0, 6.017728766960431], "nrOfFeatures": 2}, "9": {"activity": null, "activities": [5.161150909262744, 7.1487416512809245], "nrOfFeatures": 2}, "10": {"activity": null, "activities": [6.275724130399211, 6.1249387366083], "nrOfFeatures": 2}, "11": {"activity": null, "activities": [4.886056647693163, 5.187086643357144], "nrOfFeatures": 2}, "12": {"activity": null, "activities": [7.130768280269024, 7.0], "nrOfFeatures": 2}, "13": {"activity": null, "activities": [5.060480747381382, 5.161150909262744, 6.568636235841013, 6.259637310505756, 7.130768280269024, 7.0, 7.1487416512809245, 5.187086643357144], "nrOfFeatures": 8}, "14": {"activity": null, "activities": [6.481486060122113, 7.638272163982407], "nrOfFeatures": 2}, "15": {"activity": null, "activities": [6.481486060122113, 6.275724130399211, 6.795880017344075], "nrOfFeatures": 3}, "16": {"activity": null, "activities": [6.795880017344075, 6.0], "nrOfFeatures": 2}, "17": {"activity": null, "activities": [7.130768280269024, 7.0], "nrOfFeatures": 2}, "18": {"activity": null, "activities": [7.130768280269024, 7.0], "nrOfFeatures": 2}, "19": {"activity": null, "activities": [7.130768280269024, 7.0], "nrOfFeatures": 2}, "20": {"activity": null, "activities": [7.0, 9.096910013008056], "nrOfFeatures": 2}, "21": {"activity": null, "activities": [7.1487416512809245, 6.236572006437063], "nrOfFeatures": 2}, "22": {"activity": null, "activities": [5.0, 5.187086643357144], "nrOfFeatures": 2}, "23": {"activity": null, "activities": [6.236572006437063, 6.1249387366083], "nrOfFeatures": 2}, "24": {"activity": null, "activities": [6.0, 6.017728766960431], "nrOfFeatures": 2}}