{"_params": {"fuzzy": true, "outputPath": "/home/mschmid/Masterarbeit_matthiasschmid/test_results_newSDF/_14/", "trainingset": "/home/mschmid/Masterarbeit_matthiasschmid/Validation/Algorithm_compare/molecules/Ece_2013/TR_Ece_2013_conformations.sdf", "testset": "/home/mschmid/Masterarbeit_matthiasschmid/Validation/Algorithm_compare/molecules/Ece_2013/TS_Ece_2013_conformations.sdf", "startset": "/home/mschmid/Masterarbeit_matthiasschmid/Validation/Algorithm_compare/molecules/Ece_2013/TS_Ece_2013.sdf", "modelType": "randomForest", "threshold": 1, "weightType": "distance", "modelKwargs": {"max_depth": 3, "n_estimators": 20}, "i": "randomForest_1_distance_{'max_depth': 3, 'n_estimators': 20}_Ece_2013_2165"}, "fuzzy": true, "outputPath": "/home/mschmid/Masterarbeit_matthiasschmid/test_results_newSDF/_14/", "trainingset": "/home/mschmid/Masterarbeit_matthiasschmid/Validation/Algorithm_compare/molecules/Ece_2013/TR_Ece_2013_conformations.sdf", "testset": "/home/mschmid/Masterarbeit_matthiasschmid/Validation/Algorithm_compare/molecules/Ece_2013/TS_Ece_2013_conformations.sdf", "startset": "/home/mschmid/Masterarbeit_matthiasschmid/Validation/Algorithm_compare/molecules/Ece_2013/TS_Ece_2013.sdf", "modelType": "randomForest", "threshold": 1, "weightType": "distance", "modelKwargs": {"max_depth": 3, "n_estimators": 20}, "i": "randomForest_1_distance_{'max_depth': 3, 'n_estimators': 20}_Ece_2013_2165"}