{"_params": {"fuzzy": true, "outputPath": "/home/mschmid/Masterarbeit_matthiasschmid/Validation/Algorithm_compare/Hypogen_qPhar/traintest_Krovat/_1/", "trainingset": "/home/mschmid/Masterarbeit_matthiasschmid/Validation/Algorithm_compare/Hypogen_qPhar/Krovat/Krovat2003/TR_Krovat2003_conformations.sdf", "testset": "/home/mschmid/Masterarbeit_matthiasschmid/Validation/Algorithm_compare/Hypogen_qPhar/Krovat/Krovat2003/TS_Krovat2003_conformations.sdf", "modelType": "randomForest", "threshold": 1.5, "weightType": "distance", "modelKwargs": {"max_depth": 2, "n_estimators": 10}, "i": "randomForest_1.5_distance_Krovat2003_36"}, "fuzzy": true, "outputPath": "/home/mschmid/Masterarbeit_matthiasschmid/Validation/Algorithm_compare/Hypogen_qPhar/traintest_Krovat/_1/", "trainingset": "/home/mschmid/Masterarbeit_matthiasschmid/Validation/Algorithm_compare/Hypogen_qPhar/Krovat/Krovat2003/TR_Krovat2003_conformations.sdf", "testset": "/home/mschmid/Masterarbeit_matthiasschmid/Validation/Algorithm_compare/Hypogen_qPhar/Krovat/Krovat2003/TS_Krovat2003_conformations.sdf", "modelType": "randomForest", "threshold": 1.5, "weightType": "distance", "modelKwargs": {"max_depth": 2, "n_estimators": 10}, "i": "randomForest_1.5_distance_Krovat2003_36"}