{"_params": {"fuzzy": true, "outputPath": "/home/mschmid/Masterarbeit_matthiasschmid/Gargnm/results/_3/", "trainingset": "/home/mschmid/Masterarbeit_matthiasschmid/Gargnm/molecules/Garg_2008/TR_Garg_2008_conformations.sdf", "testset": "/home/mschmid/Masterarbeit_matthiasschmid/Gargnm/molecules/Garg_2008/TS_Garg_2008_conformations.sdf", "modelType": "randomForest", "threshold": 1.5, "weightType": "distance", "modelKwargs": {"max_depth": 3, "n_estimators": 10}, "i": "randomForest_1.5_distance_Garg_2008_39"}, "fuzzy": true, "outputPath": "/home/mschmid/Masterarbeit_matthiasschmid/Gargnm/results/_3/", "trainingset": "/home/mschmid/Masterarbeit_matthiasschmid/Gargnm/molecules/Garg_2008/TR_Garg_2008_conformations.sdf", "testset": "/home/mschmid/Masterarbeit_matthiasschmid/Gargnm/molecules/Garg_2008/TS_Garg_2008_conformations.sdf", "modelType": "randomForest", "threshold": 1.5, "weightType": "distance", "modelKwargs": {"max_depth": 3, "n_estimators": 10}, "i": "randomForest_1.5_distance_Garg_2008_39"}