{"0": {"activity": null, "activities": [8.301029995663981, 9.221848749616356], "nrOfFeatures": 2}, "1": {"activity": null, "activities": [9.221848749616356, 9.0, 8.698970004336019], "nrOfFeatures": 3}, "2": {"activity": null, "activities": [9.0, 8.698970004336019], "nrOfFeatures": 2}, "3": {"activity": null, "activities": [9.0, 8.698970004336019], "nrOfFeatures": 2}, "4": {"activity": null, "activities": [9.0, 8.698970004336019], "nrOfFeatures": 2}, "5": {"activity": null, "activities": [9.0, 8.698970004336019], "nrOfFeatures": 2}, "6": {"activity": null, "activities": [9.0, 8.698970004336019], "nrOfFeatures": 2}, "7": {"activity": null, "activities": [7.958607314841775, 9.0], "nrOfFeatures": 2}, "8": {"activity": null, "activities": [9.0, 8.698970004336019], "nrOfFeatures": 2}, "9": {"activity": null, "activities": [9.0, 8.698970004336019], "nrOfFeatures": 2}, "10": {"activity": null, "activities": [9.0, 8.698970004336019], "nrOfFeatures": 2}, "11": {"activity": null, "activities": [7.7447274948966935, 9.0], "nrOfFeatures": 2}, "12": {"activity": null, "activities": [9.221848749616356, 6.721246399047171], "nrOfFeatures": 2}}