{"_params": {"fuzzy": false, "outputPath": "/home/mschmid/Masterarbeit_matthiasschmid/Validation/Algorithm_compare/test_results_fuzzyfalse/_1/", "trainingset": "/home/mschmid/Masterarbeit_matthiasschmid/Validation/Algorithm_compare/molecules/Wang_2010/TR_Wang_2010_conformations.sdf", "testset": "/home/mschmid/Masterarbeit_matthiasschmid/Validation/Algorithm_compare/molecules/Wang_2010/TS_Wang_2010_conformations.sdf", "modelType": "randomForest", "threshold": 2, "weightType": "distance", "modelKwargs": {"max_depth": 2, "n_estimators": 10}, "i": "randomForest_2_distance_{'max_depth': 2, 'n_estimators': 10}_Wang_2010_234"}, "fuzzy": false, "outputPath": "/home/mschmid/Masterarbeit_matthiasschmid/Validation/Algorithm_compare/test_results_fuzzyfalse/_1/", "trainingset": "/home/mschmid/Masterarbeit_matthiasschmid/Validation/Algorithm_compare/molecules/Wang_2010/TR_Wang_2010_conformations.sdf", "testset": "/home/mschmid/Masterarbeit_matthiasschmid/Validation/Algorithm_compare/molecules/Wang_2010/TS_Wang_2010_conformations.sdf", "modelType": "randomForest", "threshold": 2, "weightType": "distance", "modelKwargs": {"max_depth": 2, "n_estimators": 10}, "i": "randomForest_2_distance_{'max_depth': 2, 'n_estimators': 10}_Wang_2010_234"}