{"_params": {"fuzzy": true, "outputPath": "/home/mschmid/Masterarbeit_matthiasschmid/Laggner_correct_testresults/_2/", "trainingset": "/home/mschmid/Masterarbeit_matthiasschmid/Laggner_correct/Laggner_2005_Sigma1/TR_Laggner_2005_Sigma1_conformations.sdf", "testset": "/home/mschmid/Masterarbeit_matthiasschmid/Laggner_correct/Laggner_2005_Sigma1/TS_Laggner_2005_Sigma1_conformations.sdf", "modelType": "randomForest", "threshold": 1.5, "weightType": "distance", "modelKwargs": {"max_depth": 2, "n_estimators": 20}, "i": "randomForest_1.5_distance_{'max_depth': 2, 'n_estimators': 20}_Laggner_2005_Sigma1_218"}, "fuzzy": true, "outputPath": "/home/mschmid/Masterarbeit_matthiasschmid/Laggner_correct_testresults/_2/", "trainingset": "/home/mschmid/Masterarbeit_matthiasschmid/Laggner_correct/Laggner_2005_Sigma1/TR_Laggner_2005_Sigma1_conformations.sdf", "testset": "/home/mschmid/Masterarbeit_matthiasschmid/Laggner_correct/Laggner_2005_Sigma1/TS_Laggner_2005_Sigma1_conformations.sdf", "modelType": "randomForest", "threshold": 1.5, "weightType": "distance", "modelKwargs": {"max_depth": 2, "n_estimators": 20}, "i": "randomForest_1.5_distance_{'max_depth': 2, 'n_estimators': 20}_Laggner_2005_Sigma1_218"}