{"_params": {"fuzzy": true, "outputPath": "/home/mschmid/Masterarbeit_matthiasschmid/test_results_newSDF/_14/", "trainingset": "/home/mschmid/Masterarbeit_matthiasschmid/Validation/Algorithm_compare/molecules/Schuster_2006/TR_Schuster_2006_conformations.sdf", "testset": "/home/mschmid/Masterarbeit_matthiasschmid/Validation/Algorithm_compare/molecules/Schuster_2006/TS_Schuster_2006_conformations.sdf", "startset": "/home/mschmid/Masterarbeit_matthiasschmid/Validation/Algorithm_compare/molecules/Schuster_2006/TS_Schuster_2006.sdf", "modelType": "randomForest", "threshold": 1.5, "weightType": "distance", "modelKwargs": {"max_depth": 3, "n_estimators": 10}, "i": "randomForest_1.5_distance_{'max_depth': 3, 'n_estimators': 10}_Schuster_2006_1347"}, "fuzzy": true, "outputPath": "/home/mschmid/Masterarbeit_matthiasschmid/test_results_newSDF/_14/", "trainingset": "/home/mschmid/Masterarbeit_matthiasschmid/Validation/Algorithm_compare/molecules/Schuster_2006/TR_Schuster_2006_conformations.sdf", "testset": "/home/mschmid/Masterarbeit_matthiasschmid/Validation/Algorithm_compare/molecules/Schuster_2006/TS_Schuster_2006_conformations.sdf", "startset": "/home/mschmid/Masterarbeit_matthiasschmid/Validation/Algorithm_compare/molecules/Schuster_2006/TS_Schuster_2006.sdf", "modelType": "randomForest", "threshold": 1.5, "weightType": "distance", "modelKwargs": {"max_depth": 3, "n_estimators": 10}, "i": "randomForest_1.5_distance_{'max_depth': 3, 'n_estimators': 10}_Schuster_2006_1347"}