{"_params": {"fuzzy": false, "outputPath": "/home/mschmid/Masterarbeit_matthiasschmid/test_results_newSDF/test_results_fuzzyfalse/_2/", "trainingset": "/home/mschmid/Masterarbeit_matthiasschmid/Validation/Algorithm_compare/molecules/Funk_2004/TR_Funk_2004_conformations.sdf", "testset": "/home/mschmid/Masterarbeit_matthiasschmid/Validation/Algorithm_compare/molecules/Funk_2004/TS_Funk_2004_conformations.sdf", "startset": "/home/mschmid/Masterarbeit_matthiasschmid/Validation/Algorithm_compare/molecules/Funk_2004/TS_Funk_2004.sdf", "modelType": "randomForest", "threshold": 1, "weightType": "distance", "modelKwargs": {"max_depth": 2, "n_estimators": 10}, "i": "randomForest_1_distance_{'max_depth': 2, 'n_estimators': 10}_Funk_2004_2310"}, "fuzzy": false, "outputPath": "/home/mschmid/Masterarbeit_matthiasschmid/test_results_newSDF/test_results_fuzzyfalse/_2/", "trainingset": "/home/mschmid/Masterarbeit_matthiasschmid/Validation/Algorithm_compare/molecules/Funk_2004/TR_Funk_2004_conformations.sdf", "testset": "/home/mschmid/Masterarbeit_matthiasschmid/Validation/Algorithm_compare/molecules/Funk_2004/TS_Funk_2004_conformations.sdf", "startset": "/home/mschmid/Masterarbeit_matthiasschmid/Validation/Algorithm_compare/molecules/Funk_2004/TS_Funk_2004.sdf", "modelType": "randomForest", "threshold": 1, "weightType": "distance", "modelKwargs": {"max_depth": 2, "n_estimators": 10}, "i": "randomForest_1_distance_{'max_depth': 2, 'n_estimators': 10}_Funk_2004_2310"}