{"_params": {"fuzzy": true, "outputPath": "/home/mschmid/Masterarbeit_matthiasschmid/Laggner_correct_testresults/_2/", "trainingset": "/home/mschmid/Masterarbeit_matthiasschmid/Laggner_correct/Laggner_2005_EBP/TR_Laggner_2005_EBP_conformations.sdf", "testset": "/home/mschmid/Masterarbeit_matthiasschmid/Laggner_correct/Laggner_2005_EBP/TS_Laggner_2005_EBP_conformations.sdf", "modelType": "randomForest", "threshold": 1, "weightType": "distance", "modelKwargs": {"max_depth": 3, "n_estimators": 20}, "i": "randomForest_1_distance_{'max_depth': 3, 'n_estimators': 20}_Laggner_2005_EBP_365"}, "fuzzy": true, "outputPath": "/home/mschmid/Masterarbeit_matthiasschmid/Laggner_correct_testresults/_2/", "trainingset": "/home/mschmid/Masterarbeit_matthiasschmid/Laggner_correct/Laggner_2005_EBP/TR_Laggner_2005_EBP_conformations.sdf", "testset": "/home/mschmid/Masterarbeit_matthiasschmid/Laggner_correct/Laggner_2005_EBP/TS_Laggner_2005_EBP_conformations.sdf", "modelType": "randomForest", "threshold": 1, "weightType": "distance", "modelKwargs": {"max_depth": 3, "n_estimators": 20}, "i": "randomForest_1_distance_{'max_depth': 3, 'n_estimators': 20}_Laggner_2005_EBP_365"}