{"_params": {"fuzzy": true, "outputPath": "/home/mschmid/Masterarbeit_matthiasschmid/test_results_newSDF/_14/", "trainingset": "/home/mschmid/Masterarbeit_matthiasschmid/Validation/Algorithm_compare/molecules/Barreca_s005/TR_Barreca_s005_conformations.sdf", "testset": "/home/mschmid/Masterarbeit_matthiasschmid/Validation/Algorithm_compare/molecules/Barreca_s005/TS_Barreca_s005_conformations.sdf", "startset": "/home/mschmid/Masterarbeit_matthiasschmid/Validation/Algorithm_compare/molecules/Barreca_s005/TS_Barreca_s005.sdf", "modelType": "randomForest", "threshold": 1.75, "weightType": "distance", "modelKwargs": {"max_depth": 2, "n_estimators": 10}, "i": "randomForest_1.75_distance_{'max_depth': 2, 'n_estimators': 10}_Barreca_s005_1116"}, "fuzzy": true, "outputPath": "/home/mschmid/Masterarbeit_matthiasschmid/test_results_newSDF/_14/", "trainingset": "/home/mschmid/Masterarbeit_matthiasschmid/Validation/Algorithm_compare/molecules/Barreca_s005/TR_Barreca_s005_conformations.sdf", "testset": "/home/mschmid/Masterarbeit_matthiasschmid/Validation/Algorithm_compare/molecules/Barreca_s005/TS_Barreca_s005_conformations.sdf", "startset": "/home/mschmid/Masterarbeit_matthiasschmid/Validation/Algorithm_compare/molecules/Barreca_s005/TS_Barreca_s005.sdf", "modelType": "randomForest", "threshold": 1.75, "weightType": "distance", "modelKwargs": {"max_depth": 2, "n_estimators": 10}, "i": "randomForest_1.75_distance_{'max_depth': 2, 'n_estimators': 10}_Barreca_s005_1116"}