{"_params": {"fuzzy": true, "outputPath": "/home/mschmid/Masterarbeit_matthiasschmid/Laggner_correct_testresults/_2/", "trainingset": "/home/mschmid/Masterarbeit_matthiasschmid/Laggner_correct/Laggner_2005_ERG2/TR_Laggner_2005_ERG2_conformations.sdf", "testset": "/home/mschmid/Masterarbeit_matthiasschmid/Laggner_correct/Laggner_2005_ERG2/TS_Laggner_2005_ERG2_conformations.sdf", "modelType": "randomForest", "threshold": 1.25, "weightType": "distance", "modelKwargs": {"max_depth": 2, "n_estimators": 10}, "i": "randomForest_1.25_distance_{'max_depth': 2, 'n_estimators': 10}_Laggner_2005_ERG2_18"}, "fuzzy": true, "outputPath": "/home/mschmid/Masterarbeit_matthiasschmid/Laggner_correct_testresults/_2/", "trainingset": "/home/mschmid/Masterarbeit_matthiasschmid/Laggner_correct/Laggner_2005_ERG2/TR_Laggner_2005_ERG2_conformations.sdf", "testset": "/home/mschmid/Masterarbeit_matthiasschmid/Laggner_correct/Laggner_2005_ERG2/TS_Laggner_2005_ERG2_conformations.sdf", "modelType": "randomForest", "threshold": 1.25, "weightType": "distance", "modelKwargs": {"max_depth": 2, "n_estimators": 10}, "i": "randomForest_1.25_distance_{'max_depth': 2, 'n_estimators': 10}_Laggner_2005_ERG2_18"}