{"_params": {"fuzzy": true, "outputPath": "/home/mschmid/Masterarbeit_matthiasschmid/test_results_newSDF/_14/", "trainingset": "/home/mschmid/Masterarbeit_matthiasschmid/Validation/Algorithm_compare/molecules/Niu_2014/TR_Niu_2014_conformations.sdf", "testset": "/home/mschmid/Masterarbeit_matthiasschmid/Validation/Algorithm_compare/molecules/Niu_2014/TS_Niu_2014_conformations.sdf", "startset": "/home/mschmid/Masterarbeit_matthiasschmid/Validation/Algorithm_compare/molecules/Niu_2014/TS_Niu_2014.sdf", "modelType": "randomForest", "threshold": 1.25, "weightType": "distance", "modelKwargs": {"max_depth": 3, "n_estimators": 10}, "i": "randomForest_1.25_distance_{'max_depth': 3, 'n_estimators': 10}_Niu_2014_1455"}, "fuzzy": true, "outputPath": "/home/mschmid/Masterarbeit_matthiasschmid/test_results_newSDF/_14/", "trainingset": "/home/mschmid/Masterarbeit_matthiasschmid/Validation/Algorithm_compare/molecules/Niu_2014/TR_Niu_2014_conformations.sdf", "testset": "/home/mschmid/Masterarbeit_matthiasschmid/Validation/Algorithm_compare/molecules/Niu_2014/TS_Niu_2014_conformations.sdf", "startset": "/home/mschmid/Masterarbeit_matthiasschmid/Validation/Algorithm_compare/molecules/Niu_2014/TS_Niu_2014.sdf", "modelType": "randomForest", "threshold": 1.25, "weightType": "distance", "modelKwargs": {"max_depth": 3, "n_estimators": 10}, "i": "randomForest_1.25_distance_{'max_depth': 3, 'n_estimators': 10}_Niu_2014_1455"}