{"_params": {"fuzzy": true, "outputPath": "/home/mschmid/Masterarbeit_matthiasschmid/test_results_newSDF/_14/", "trainingset": "/home/mschmid/Masterarbeit_matthiasschmid/Validation/Algorithm_compare/molecules/Ma_2018/TR_Ma_2018_conformations.sdf", "testset": "/home/mschmid/Masterarbeit_matthiasschmid/Validation/Algorithm_compare/molecules/Ma_2018/TS_Ma_2018_conformations.sdf", "startset": "/home/mschmid/Masterarbeit_matthiasschmid/Validation/Algorithm_compare/molecules/Ma_2018/TS_Ma_2018.sdf", "modelType": "randomForest", "threshold": 1.25, "weightType": "distance", "modelKwargs": {"max_depth": 2, "n_estimators": 15}, "i": "randomForest_1.25_distance_{'max_depth': 2, 'n_estimators': 15}_Ma_2018_613"}, "fuzzy": true, "outputPath": "/home/mschmid/Masterarbeit_matthiasschmid/test_results_newSDF/_14/", "trainingset": "/home/mschmid/Masterarbeit_matthiasschmid/Validation/Algorithm_compare/molecules/Ma_2018/TR_Ma_2018_conformations.sdf", "testset": "/home/mschmid/Masterarbeit_matthiasschmid/Validation/Algorithm_compare/molecules/Ma_2018/TS_Ma_2018_conformations.sdf", "startset": "/home/mschmid/Masterarbeit_matthiasschmid/Validation/Algorithm_compare/molecules/Ma_2018/TS_Ma_2018.sdf", "modelType": "randomForest", "threshold": 1.25, "weightType": "distance", "modelKwargs": {"max_depth": 2, "n_estimators": 15}, "i": "randomForest_1.25_distance_{'max_depth': 2, 'n_estimators': 15}_Ma_2018_613"}