{"_params": {"fuzzy": true, "outputPath": "/home/mschmid/Masterarbeit_matthiasschmid/test_results_newSDF/_14/", "trainingset": "/home/mschmid/Masterarbeit_matthiasschmid/Validation/Algorithm_compare/molecules/Wang_2008/TR_Wang_2008_conformations.sdf", "testset": "/home/mschmid/Masterarbeit_matthiasschmid/Validation/Algorithm_compare/molecules/Wang_2008/TS_Wang_2008_conformations.sdf", "startset": "/home/mschmid/Masterarbeit_matthiasschmid/Validation/Algorithm_compare/molecules/Wang_2008/TS_Wang_2008.sdf", "modelType": "randomForest", "threshold": 1.25, "weightType": "distance", "modelKwargs": {"max_depth": 3, "n_estimators": 15}, "i": "randomForest_1.25_distance_{'max_depth': 3, 'n_estimators': 15}_Wang_2008_2056"}, "fuzzy": true, "outputPath": "/home/mschmid/Masterarbeit_matthiasschmid/test_results_newSDF/_14/", "trainingset": "/home/mschmid/Masterarbeit_matthiasschmid/Validation/Algorithm_compare/molecules/Wang_2008/TR_Wang_2008_conformations.sdf", "testset": "/home/mschmid/Masterarbeit_matthiasschmid/Validation/Algorithm_compare/molecules/Wang_2008/TS_Wang_2008_conformations.sdf", "startset": "/home/mschmid/Masterarbeit_matthiasschmid/Validation/Algorithm_compare/molecules/Wang_2008/TS_Wang_2008.sdf", "modelType": "randomForest", "threshold": 1.25, "weightType": "distance", "modelKwargs": {"max_depth": 3, "n_estimators": 15}, "i": "randomForest_1.25_distance_{'max_depth': 3, 'n_estimators': 15}_Wang_2008_2056"}