{"0": {"activity": null, "activities": [7.301029995663981, 8.0], "nrOfFeatures": 2}, "1": {"activity": null, "activities": [5.844663962534939, 4.0], "nrOfFeatures": 2}, "2": {"activity": null, "activities": [5.6020599913279625, 4.943095148663527], "nrOfFeatures": 2}, "3": {"activity": null, "activities": [5.6020599913279625, 5.161150909262744], "nrOfFeatures": 2}, "4": {"activity": null, "activities": [6.455931955649724, 7.301029995663981], "nrOfFeatures": 2}, "5": {"activity": null, "activities": [6.6020599913279625, 7.0], "nrOfFeatures": 2}, "6": {"activity": null, "activities": [6.6020599913279625, 7.0], "nrOfFeatures": 2}, "7": {"activity": null, "activities": [7.301029995663981, 8.0], "nrOfFeatures": 2}, "8": {"activity": null, "activities": [8.0, 6.6020599913279625], "nrOfFeatures": 2}, "9": {"activity": null, "activities": [5.844663962534939, 4.0, 4.0], "nrOfFeatures": 3}, "10": {"activity": null, "activities": [5.844663962534939, 5.709965388637482], "nrOfFeatures": 2}, "11": {"activity": null, "activities": [5.6020599913279625, 5.161150909262744, 4.943095148663527], "nrOfFeatures": 3}, "12": {"activity": null, "activities": [6.455931955649724, 6.853871964321762, 7.301029995663981], "nrOfFeatures": 3}, "13": {"activity": null, "activities": [6.6020599913279625, 7.0], "nrOfFeatures": 2}, "14": {"activity": null, "activities": [5.709965388637482, 5.6020599913279625, 6.6020599913279625, 4.943095148663527], "nrOfFeatures": 4}, "15": {"activity": null, "activities": [6.455931955649724, 6.853871964321762], "nrOfFeatures": 2}, "16": {"activity": null, "activities": [6.221848749616356, 6.0, 5.709965388637482], "nrOfFeatures": 3}, "17": {"activity": null, "activities": [5.844663962534939, 4.0], "nrOfFeatures": 2}, "18": {"activity": null, "activities": [6.455931955649724, 5.161150909262744, 6.853871964321762, 4.943095148663527], "nrOfFeatures": 4}, "19": {"activity": null, "activities": [4.0, 4.943095148663527], "nrOfFeatures": 2}}