{"0": {"activity": null, "activities": [8.522878745280337, 7.443697499232712], "nrOfFeatures": 2}, "1": {"activity": null, "activities": [6.113509274827518, 5.1249387366083], "nrOfFeatures": 2}, "2": {"activity": null, "activities": [5.0, 5.468521082957745], "nrOfFeatures": 2}, "3": {"activity": null, "activities": [7.568636235841013, 7.823908740944319], "nrOfFeatures": 2}, "4": {"activity": null, "activities": [5.0, 5.096910013008056], "nrOfFeatures": 2}, "5": {"activity": null, "activities": [4.657577319177793, 5.070581074285707], "nrOfFeatures": 2}, "6": {"activity": null, "activities": [7.795880017344075, 7.443697499232712], "nrOfFeatures": 2}, "7": {"activity": null, "activities": [6.886056647693163, 7.3979400086720375, 7.853871964321762], "nrOfFeatures": 3}, "8": {"activity": null, "activities": [8.522878745280337, 7.443697499232712], "nrOfFeatures": 2}, "9": {"activity": null, "activities": [7.568636235841013, 7.823908740944319], "nrOfFeatures": 2}, "10": {"activity": null, "activities": [4.3872161432802645, 5.0], "nrOfFeatures": 2}, "11": {"activity": null, "activities": [6.113509274827518, 7.795880017344075], "nrOfFeatures": 2}, "12": {"activity": null, "activities": [5.0, 5.0], "nrOfFeatures": 2}, "13": {"activity": null, "activities": [5.0, 5.0], "nrOfFeatures": 2}, "14": {"activity": null, "activities": [8.522878745280337, 6.481486060122113, 7.568636235841013, 7.823908740944319], "nrOfFeatures": 4}, "15": {"activity": null, "activities": [8.522878745280337, 8.522878745280337], "nrOfFeatures": 2}, "16": {"activity": null, "activities": [6.522878745280337, 5.0], "nrOfFeatures": 2}, "17": {"activity": null, "activities": [6.113509274827518, 7.823908740944319], "nrOfFeatures": 2}, "18": {"activity": null, "activities": [6.113509274827518, 4.3872161432802645, 5.468521082957745], "nrOfFeatures": 3}, "19": {"activity": null, "activities": [7.568636235841013, 7.823908740944319], "nrOfFeatures": 2}, "20": {"activity": null, "activities": [7.795880017344075, 7.795880017344075], "nrOfFeatures": 2}}